Escena,Duración,Bloque,Título,Deep link
1,00:40,Tesis,No proponemos siete islas tecnológicas.,#hero
2,00:55,Por qué ahora,Industrializar GenAI con control.,#why
3,01:00,Qué es P0,Base común reutilizable.,#factory
4,01:20,P0 en acción,Tres historias reutilizan la misma base.,#factory
5,01:00,Factory Effect,El siguiente UC se concentra en lo diferencial.,#factory
6,01:10,Arquitectura,Federación + servicios comunes + fallback.,#twin
7,00:55,Economics,Servicios Keedio vs infraestructura Soliss.,#economics
8,01:10,Gobierno,Una demo no equivale a producción.,#governance
9,00:50,Decisión,"Aprobar P0, F0 y el modelo de gates.",#decision
